first_name,last_name,email_address,home_phone,mobile_phone,date_of_birth,gender,pregnant,due_date,default_role,ethnicity,ABSS_type,age_status
Boe,Bloggs,jb@test.com,123456,789123,01/01/1973,Male,False,,Parent,Prefer not to say,ABSS beneficiary,Adult
Bo,Bloggs,jb@test.com,123456,789123,01/01/1973,Male,False,,Parent,Test error,ABSS beneficiary,Adult
Bose,Bloggs,jb@test.com,123456,789123,01/01/1973,Male,False,,Parent,Prefer not to say,Test error,Adult
Boseph,Bloggs,jb@test.com,123456,789123,01/01/1973,Male,False,,Parent,Prefer not to say,ABSS beneficiary,Test error
Boey,Bloggs,jb@test.com,123456,789123,01/01/1973,Male,False,,Parent,Prefer not to say,ABSS beneficiary,Adult
Boella,Bloggs,jb@test.com,123456,789123,01/01/1973,Female,True,01/10/2019,Parent,Prefer not to say,ABSS beneficiary,Adult
Bosephine,Bloggs,jb@test.com,123456,789123,01/01/1973,Male,False,,Parent,Prefer not to say,ABSS beneficiary,Adult
Boking,Bloggs,jb@test.com,123456,789123,01/01/1973,Male,False,,Child under four,Prefer not to say,ABSS beneficiary,Child under four
Bolly,Bloggs,jb@test.com,123456,789123,01/01/1973,Male,False,,Parent,Prefer not to say,ABSS beneficiary,Adult
Bolly,Bloggs,jb@test.com,123456,789123,01/01/1973,Male,False,,Parent,Prefer not to say,ABSS beneficiary,Child under four
Poe,Bloggs,jb@test.com,123456,789123,01/01/1973,Male,False,,Parent,Prefer not to say,ABSS beneficiary,Adult
Po,Bloggs,jb@test.com,123456,789123,01/01/1973,Male,False,,Parent,Test error,ABSS beneficiary,Adult
Pose,Bloggs,jb@test.com,123456,789123,01/01/1973,Male,False,,Parent,Prefer not to say,Test error,Adult
Poseph,Bloggs,jb@test.com,123456,789123,01/01/1973,Male,False,,Parent,Prefer not to say,ABSS beneficiary,Test error
Poey,Bloggs,jb@test.com,123456,789123,01/01/1973,Male,False,,Parent,Prefer not to say,ABSS beneficiary,Adult
Poella,Bloggs,jb@test.com,123456,789123,01/01/1973,Female,True,01/10/2019,Parent,Prefer not to say,ABSS beneficiary,Adult
Posephine,Bloggs,jb@test.com,123456,789123,01/01/1973,Male,False,,Parent,Prefer not to say,ABSS beneficiary,Adult
Poking,Bloggs,jb@test.com,123456,789123,01/01/1973,Male,False,,Child under four,Prefer not to say,ABSS beneficiary,Child under four
Polly,Bloggs,jb@test.com,123456,789123,01/01/1973,Male,False,,Parent,Prefer not to say,ABSS beneficiary,Adult
Polly,Bloggs,jb@test.com,123456,789123,01/01/1973,Male,False,,Parent,Prefer not to say,ABSS beneficiary,Child under four
Melly,Bloggs,jb@test.com,123456,789123,01/01/1xx3,Male,False,,Parent,Prefer not to say,ABSS beneficiary,Adult
Polly,Bloggs,jb@test.com,123456,789123,01/01/1973,Male,True,,Parent,Prefer not to say,ABSS beneficiary,Adult
Milly,Bloggs,jb@test.com,123456,789123,01/01/1973,Male,False,01/01/2020,Parent,Prefer not to say,ABSS beneficiary,Adult
Molly,Bloggs,jb@test.com,123456,789123,01/01/1973,Male,False,01/xx/2020,Parent,Prefer not to say,ABSS beneficiary,Adult